Bernhard F.W. Gschaider <bgschaid@ice-sf.at> = Bernhard F.W. Gschaider <bgschaid@hfd-research.com>
Bernhard Gschaider <bgschaid@ice-sf.at> = Bernhard F.W. Gschaider <bgschaid@hfd-research.com>
bgschaid                                = Bernhard F.W. Gschaider <bgschaid@hfd-research.com>
Bernhard Gschaider <bgschaid@ubuntu-vm> = Bernhard F.W. Gschaider <bgschaid@hfd-research.com>
mmataln                                 = Marianne Mataln <mmataln@ice-sf>
alexey <alexey@maverick-amd64.(none)>   = Alexey Petrov <alexey.petrov.nnov@gmail.com>
Martin Beaudoin <beaudoin.martin@ireq.ca> = Martin Beaudoin, Hydro-Quebec (beaudoin.martin@ireq.ca)
Martin Beaudoin, Hydro-Quebec (2008) (beaudoin.martin@ireq.ca) = Martin Beaudoin, Hydro-Quebec (beaudoin.martin@ireq.ca)
